file_type,schema_version,sample_id,pharmcat_version,cyp2c9_diplotype,cyp2c9_phenotype,cyp2c9_activity_score,cyp4f2_diplotype,cyp4f2_phenotype,vkorc1_pharmcat_diplotype,vkorc1_clinical_1639,core_complete,expanded_cyp2c9_complete,additional_markers_complete,marker,gene,meaning,group,status,vcf_gt,genotype,chrom,pos,ref,alt
XCODE_WARFARIN_PGX_INPUT,1.0,sample_23andMe_v5,3.2.0,*1/*11,Intermediate Metabolizer,1.5,*1/*1,UNAVAILABLE,rs9923231 reference (C)/rs9923231 reference (C),G/G,TRUE,TRUE,TRUE,rs1799853,CYP2C9,CYP2C9 *2,core,CALLED,0/0,C/C,chr10,94942290,C,T
XCODE_WARFARIN_PGX_INPUT,1.0,sample_23andMe_v5,3.2.0,*1/*11,Intermediate Metabolizer,1.5,*1/*1,UNAVAILABLE,rs9923231 reference (C)/rs9923231 reference (C),G/G,TRUE,TRUE,TRUE,rs1057910,CYP2C9,CYP2C9 *3,core,CALLED,0/0,A/A,chr10,94981296,A,C
XCODE_WARFARIN_PGX_INPUT,1.0,sample_23andMe_v5,3.2.0,*1/*11,Intermediate Metabolizer,1.5,*1/*1,UNAVAILABLE,rs9923231 reference (C)/rs9923231 reference (C),G/G,TRUE,TRUE,TRUE,rs28371686,CYP2C9,CYP2C9 *5,expanded,CALLED,0/0,C/C,chr10,94981301,C,G
XCODE_WARFARIN_PGX_INPUT,1.0,sample_23andMe_v5,3.2.0,*1/*11,Intermediate Metabolizer,1.5,*1/*1,UNAVAILABLE,rs9923231 reference (C)/rs9923231 reference (C),G/G,TRUE,TRUE,TRUE,rs9332131,CYP2C9,CYP2C9 *6,expanded,CALLED,0/0,GA/GA,chr10,94949281,GA,G
XCODE_WARFARIN_PGX_INPUT,1.0,sample_23andMe_v5,3.2.0,*1/*11,Intermediate Metabolizer,1.5,*1/*1,UNAVAILABLE,rs9923231 reference (C)/rs9923231 reference (C),G/G,TRUE,TRUE,TRUE,rs7900194,CYP2C9,CYP2C9 *8,expanded,CALLED,0/0,G/G,chr10,94942309,G,"A,T"
XCODE_WARFARIN_PGX_INPUT,1.0,sample_23andMe_v5,3.2.0,*1/*11,Intermediate Metabolizer,1.5,*1/*1,UNAVAILABLE,rs9923231 reference (C)/rs9923231 reference (C),G/G,TRUE,TRUE,TRUE,rs28371685,CYP2C9,CYP2C9 *11,expanded,CALLED,0/1,C/T,chr10,94981224,C,T
XCODE_WARFARIN_PGX_INPUT,1.0,sample_23andMe_v5,3.2.0,*1/*11,Intermediate Metabolizer,1.5,*1/*1,UNAVAILABLE,rs9923231 reference (C)/rs9923231 reference (C),G/G,TRUE,TRUE,TRUE,rs9923231,VKORC1,VKORC1 -1639G>A,core,CALLED,0/0,C/C,chr16,31096368,C,T
XCODE_WARFARIN_PGX_INPUT,1.0,sample_23andMe_v5,3.2.0,*1/*11,Intermediate Metabolizer,1.5,*1/*1,UNAVAILABLE,rs9923231 reference (C)/rs9923231 reference (C),G/G,TRUE,TRUE,TRUE,rs2108622,CYP4F2,CYP4F2 *3,additional,CALLED,0/0,C/C,chr19,15879621,C,T
XCODE_WARFARIN_PGX_INPUT,1.0,sample_23andMe_v5,3.2.0,*1/*11,Intermediate Metabolizer,1.5,*1/*1,UNAVAILABLE,rs9923231 reference (C)/rs9923231 reference (C),G/G,TRUE,TRUE,TRUE,rs12777823,CYP2C cluster,rs12777823,additional,CALLED,0/1,G/A,chr10,94645745,G,A
